run,left_model,right_model,n,agreement,both_correct_rate,left_only_correct_rate,right_only_correct_rate
qwen7_gemma4,gemma4,qwen7,2633,0.8416255222180022,0.6984428408659324,0.08887200911507785,0.05507026205848842
qwen7_ollama_llama3_8b,ollama_llama3_8b,qwen7,2633,0.8378275731105204,0.6312191416635017,0.037599696164071404,0.08165590581086213
qwen7_qwen15,qwen15,qwen7,2633,0.40144322066084315,0.3000379794910748,0.1325484238511204,0.4310672236992024
